node1	node2	padj	pvalue	rejected	edgewidth	width
ALB	AFM	0.03803	0.02183	True	0.7884057971014493	0.7884057971014493
ALB	APOA2	0.02417	0.01292	True	0.6552317247969422	0.6552317247969422
ALB	ATRN	0.02102	0.01103	True	0.6553750597228858	0.6553750597228858
ALB	BTD	0.00837	0.00387	True	0.6122790253225037	0.6122790253225037
ALB	CRP	0.0	0.0	True	0.5874183787227266	-0.5874183787227266
ALB	ECM1	0.00572	0.00251	True	0.5389393215480172	0.5389393215480172
ALB	FGA	0.0096	0.00453	True	0.5875617136486702	-0.5875617136486702
ALB	FGB	0.02353	0.01249	True	0.6231406274884536	-0.6231406274884536
ALB	GSN	0.03757	0.02153	True	0.6828953655040613	0.6828953655040613
ALB	ITIH1	1e-05	0.0	True	0.6751552795031056	0.6751552795031056
ALB	ITIH2	0.0	0.0	True	0.6963369963369964	0.6963369963369964
ALB	ITIH4	0.0	0.0	True	0.591559165472209	-0.591559165472209
ALB	SERPINA3	0.00719	0.00327	True	0.6200828157349897	-0.6200828157349897
ALB	SERPINA4	0.0228	0.01208	True	0.603647077560121	0.603647077560121
ALB	SERPINC1	0.00119	0.00043	True	0.5397197005892659	0.5397197005892659
ALB	TTR	0.0	0.0	True	0.5273769708552317	0.5273769708552317
AFM	APOM	0.02406	0.01283	True	0.6347826086956522	0.6347826086956522
AFM	ATRN	0.01309	0.00648	True	0.5621755056537665	0.5621755056537665
AFM	BCHE	0.04284	0.02497	True	0.5755693581780539	0.5755693581780539
AFM	C9	0.0	0.0	True	0.5059245102723364	-0.5059245102723364
AFM	CRP	0.0	0.0	True	0.6606784519827998	-0.6606784519827998
AFM	F12	0.00509	0.00221	True	0.5072782290173594	0.5072782290173594
AFM	GSN	0.00081	0.00028	True	0.7245739767478898	0.7245739767478898
AFM	HP	0.03343	0.01879	True	0.5654722089504699	-0.5654722089504699
AFM	IGFALS	0.00161	0.0006	True	0.7253543557891384	0.7253543557891384
AFM	ITIH1	0.03816	0.02192	True	0.7905398948877209	0.7905398948877209
AFM	ITIH2	0.0	0.0	True	0.7984233158146201	0.7984233158146201
AFM	ITIH4	0.0	0.0	True	0.6335881509794553	-0.6335881509794553
AFM	LBP	2e-05	0.0	True	0.5978340500079631	-0.5978340500079631
AFM	LRG1	0.04739	0.02804	True	0.6862239210065297	-0.6862239210065297
AFM	ORM1	0.00292	0.00118	True	0.7651855390985826	-0.7651855390985826
AFM	ORM2	0.02332	0.01237	True	0.6399904443382703	-0.6399904443382703
AFM	PGLYRP2	0.02254	0.01193	True	0.7992036948558688	0.7992036948558688
AFM	PON1	0.00611	0.00271	True	0.6733078515687212	0.6733078515687212
AFM	SELENOP	0.03505	0.01982	True	0.6444497531454054	0.6444497531454054
AFM	SERPINA1	0.00025	7e-05	True	0.609253065774805	-0.609253065774805
AFM	SERPINA4	0.04368	0.02554	True	0.7646121993948081	0.7646121993948081
AFM	TTR	0.00228	0.00089	True	0.6299092212135692	0.6299092212135692
APOA2	BCHE	0.00561	0.00246	True	0.5047300525561395	0.5047300525561395
APOA2	C9	0.00067	0.00022	True	0.5343048256091735	-0.5343048256091735
APOA2	CRP	0.0	0.0	True	0.5376493072145246	-0.5376493072145246
APOA2	FCGBP	0.0	0.0	True	0.5132186653925784	-0.5132186653925784
APOA2	GPLD1	0.00011	3e-05	True	0.6673037107819718	0.6673037107819718
APOA2	GSN	0.00043	0.00014	True	0.7640547857939163	0.7640547857939163
APOA2	HP	0.0	0.0	True	0.5641662685140947	-0.5641662685140947
APOA2	IGFALS	0.02452	0.01312	True	0.5365504061156235	0.5365504061156235
APOA2	ITIH1	0.04869	0.02894	True	0.7433349259436217	0.7433349259436217
APOA2	ITIH3	4e-05	1e-05	True	0.5594043637521898	-0.5594043637521898
APOA2	ITIH4	0.0	0.0	True	0.5302118171683389	-0.5302118171683389
APOA2	LRG1	0.03757	0.02151	True	0.503949673514891	-0.503949673514891
APOA2	ORM1	0.00077	0.00027	True	0.7178850135371876	-0.7178850135371876
APOA2	ORM2	0.00016	5e-05	True	0.6570632266284441	-0.6570632266284441
APOA2	PON1	0.01508	0.0076	True	0.6902213728300686	0.6902213728300686
APOA2	SERPINA1	0.0	0.0	True	0.6568561872909701	-0.6568561872909701
APOA2	SERPINC1	0.0	0.0	True	0.5038222646918299	0.5038222646918299
APOC3	APOA4	0.00139	0.00051	True	0.5125816212772735	0.5125816212772735
APOA4	LUM	0.00101	0.00036	True	0.5005733397037745	0.5005733397037745
APOM	APOA1	0.03333	0.01872	True	0.7894409937888199	0.7894409937888199
APOM	APOC1	0.03438	0.01939	True	0.8049370918936136	0.8049370918936136
APOM	B2M	0.01763	0.00903	True	0.5370281892021023	-0.5370281892021023
APOM	CRP	0.00277	0.00111	True	0.6071508201942984	-0.6071508201942984
APOM	FCGBP	0.0	0.0	True	0.5324255454690238	-0.5324255454690238
APOM	FCGR3A	0.00013	3e-05	True	0.5969421882465361	-0.5969421882465361
APOM	GSN	3e-05	1e-05	True	0.6221213569039657	0.6221213569039657
APOM	HGFAC	0.00191	0.00073	True	0.6100812231247014	0.6100812231247014
APOM	HRG	0.0	0.0	True	0.5037426341774168	0.5037426341774168
APOM	ITIH2	0.0	0.0	True	0.7605510431597389	0.7605510431597389
APOM	ITIH3	0.03168	0.01765	True	0.5771141901576684	-0.5771141901576684
APOM	MAN1A1	0.00014	4e-05	True	0.5416149068322981	-0.5416149068322981
APOM	ORM1	0.00049	0.00016	True	0.7084726867335563	-0.7084726867335563
APOM	ORM2	0.0	0.0	True	0.6424112119764295	-0.6424112119764295
APOM	PON1	0.00025	7e-05	True	0.6812390508042683	0.6812390508042683
APOM	SERPINA1	0.0	0.0	True	0.6225513616817965	-0.6225513616817965
APOM	SERPINC1	0.0	0.0	True	0.547730530339226	0.547730530339226
APOM	TF	0.0	0.0	True	0.6881350533524446	0.6881350533524446
APOA1	BTD	0.02193	0.01157	True	0.6107978977544195	0.6107978977544195
APOA1	C1S	0.0	0.0	True	0.523889154323937	-0.523889154323937
APOA1	C9	0.00111	0.0004	True	0.5091097308488614	-0.5091097308488614
APOA1	CRP	0.04775	0.02828	True	0.5795349577958274	-0.5795349577958274
APOA1	ECM1	0.00077	0.00027	True	0.5972129319955407	0.5972129319955407
APOA1	FCGBP	0.01794	0.00922	True	0.5262462175505653	-0.5262462175505653
APOA1	FGA	0.00449	0.00191	True	0.553798375537506	-0.553798375537506
APOA1	FGG	7e-05	2e-05	True	0.542554546902373	-0.542554546902373
APOA1	GPLD1	0.00077	0.00026	True	0.8051600573339703	0.8051600573339703
APOA1	GSN	0.03347	0.01882	True	0.740946010511228	0.740946010511228
APOA1	HP	0.00171	0.00064	True	0.5668896321070234	-0.5668896321070234
APOA1	IGFALS	0.0007	0.00024	True	0.6541168975951585	0.6541168975951585
APOA1	ITIH1	0.0	0.0	True	0.8078674948240167	0.8078674948240167
APOA1	ITIH3	0.00038	0.00012	True	0.7120401337792643	-0.7120401337792643
APOA1	ITIH4	0.0	0.0	True	0.5990762860328078	-0.5990762860328078
APOA1	KLKB1	0.02874	0.01574	True	0.7305303392259914	0.7305303392259914
APOA1	ORM2	3e-05	1e-05	True	0.6743111960503265	-0.6743111960503265
APOA1	RBP4	0.00033	0.0001	True	0.5465360726230292	0.5465360726230292
APOA1	SERPINA1	0.00017	5e-05	True	0.6574932314062749	-0.6574932314062749
APOC1	ECM1	0.00542	0.00237	True	0.5696289218028349	0.5696289218028349
APOC1	F13A1	3e-05	1e-05	True	0.5217391304347826	0.5217391304347826
APOC1	F13B	0.0	0.0	True	0.5153686892817327	0.5153686892817327
APOC1	GPLD1	0.04534	0.02671	True	0.6447045707915273	0.6447045707915273
APOC1	HP	6e-05	1e-05	True	0.5822264691829909	-0.5822264691829909
APOC1	HRG	0.0	0.0	True	0.5663799968147795	0.5663799968147795
APOC1	IGFALS	0.01236	0.00608	True	0.5758719541328238	0.5758719541328238
APOC1	ITIH1	0.00793	0.00364	True	0.7458193979933111	0.7458193979933111
APOC1	ITIH4	0.00146	0.00054	True	0.5515527950310559	-0.5515527950310559
APOC1	MAN1A1	0.0181	0.00931	True	0.512390508042682	-0.512390508042682
APOC1	ORM2	0.00456	0.00195	True	0.7181239050804268	-0.7181239050804268
APOC1	PON1	0.00171	0.00065	True	0.5824972129319956	0.5824972129319956
APOC1	RBP4	0.00116	0.00042	True	0.540388596910336	0.540388596910336
ATRN	BCHE	0.00743	0.00339	True	0.657700270743749	0.657700270743749
ATRN	BTD	0.00082	0.00028	True	0.6185061315496098	0.6185061315496098
ATRN	GPLD1	0.01282	0.00633	True	0.5290332855550247	0.5290332855550247
ATRN	GSN	0.02591	0.014	True	0.5735785953177258	0.5735785953177258
ATRN	HGFAC	0.00852	0.00396	True	0.6013855709507884	0.6013855709507884
ATRN	ITIH1	0.02131	0.01121	True	0.5609014174231566	0.5609014174231566
ATRN	ITIH2	6e-05	2e-05	True	0.573355629877369	0.573355629877369
ATRN	ORM1	0.04004	0.02314	True	0.5735626692148431	-0.5735626692148431
ATRN	PON1	0.00193	0.00074	True	0.5740563784042045	0.5740563784042045
ATRN	SERPINC1	0.018	0.00926	True	0.5010829749960185	0.5010829749960185
B2M	FCGBP	0.01073	0.00515	True	0.5150979455327281	0.5150979455327281
B2M	SERPIND1	0.04812	0.02851	True	0.5429049211657908	-0.5429049211657908
BCHE	BTD	0.0	0.0	True	0.5738971173753783	0.5738971173753783
BCHE	CLEC3B	0.00362	0.0015	True	0.5506927854753941	0.5506927854753941
BCHE	FCGBP	0.00013	4e-05	True	0.5155916547220896	-0.5155916547220896
BCHE	FGB	0.0	0.0	True	0.5100493709189361	-0.5100493709189361
BCHE	FGG	0.00218	0.00085	True	0.5130753304666349	-0.5130753304666349
BCHE	GPLD1	0.021	0.01102	True	0.5841376015289059	0.5841376015289059
BCHE	HGFAC	0.02325	0.01233	True	0.5826405478579392	0.5826405478579392
BCHE	HRG	2e-05	0.0	True	0.5082019429845517	0.5082019429845517
BCHE	ITIH1	3e-05	1e-05	True	0.6082497212931995	0.6082497212931995
BCHE	ITIH2	0.0	0.0	True	0.6150820194298455	0.6150820194298455
BCHE	KLKB1	0.00575	0.00253	True	0.633604077082338	0.633604077082338
BCHE	LUM	0.00131	0.00048	True	0.5624143971970059	0.5624143971970059
BCHE	ORM1	0.00715	0.00325	True	0.5571428571428572	-0.5571428571428572
BCHE	PGLYRP2	0.04694	0.02774	True	0.6661570313744227	0.6661570313744227
BCHE	PON1	0.00457	0.00195	True	0.6331262939958593	0.6331262939958593
BCHE	SELENOP	2e-05	0.0	True	0.5810797897754421	0.5810797897754421
BCHE	SERPINA1	2e-05	1e-05	True	0.5442427138079312	-0.5442427138079312
BCHE	SERPINC1	0.00047	0.00015	True	0.5450390189520625	0.5450390189520625
BCHE	TF	0.002	0.00077	True	0.6165153686892818	0.6165153686892818
BTD	CRP	0.01752	0.00897	True	0.5266284440197484	-0.5266284440197484
BTD	FGG	0.02484	0.01332	True	0.5059882146838669	-0.5059882146838669
BTD	GSN	0.03083	0.01707	True	0.5983755375059723	0.5983755375059723
BTD	ITIH1	0.00236	0.00093	True	0.5991877687529862	0.5991877687529862
BTD	ITIH2	0.00159	0.00059	True	0.6261665870361522	0.6261665870361522
BTD	SERPINC1	0.0	0.0	True	0.5809364548494984	0.5809364548494984
BTD	TF	0.01099	0.0053	True	0.737123745819398	0.737123745819398
C1S	GPLD1	0.02918	0.01601	True	0.538190794712534	-0.538190794712534
C1S	ITIH1	3e-05	1e-05	True	0.5110049370918937	-0.5110049370918937
C1S	ITIH2	0.00062	0.0002	True	0.5695652173913044	-0.5695652173913044
C1S	ORM1	0.0	0.0	True	0.5406593406593406	0.5406593406593406
C1S	ORM2	0.04835	0.02868	True	0.5793597706641185	0.5793597706641185
C1S	SERPINA3	0.03157	0.01757	True	0.5279980888676541	0.5279980888676541
C1S	SERPING1	0.0	0.0	True	0.5203535594839943	0.5203535594839943
C1S	TF	0.04625	0.02728	True	0.5052874661570314	-0.5052874661570314
C9	C2	0.01262	0.00622	True	0.524733237776716	0.524733237776716
C9	CFI	0.03616	0.02059	True	0.6702181876094919	0.6702181876094919
C9	CRP	0.00096	0.00034	True	0.5250836120401339	0.5250836120401339
C9	GSN	6e-05	2e-05	True	0.5577480490523969	-0.5577480490523969
C9	HP	0.00883	0.00413	True	0.7329988851727982	0.7329988851727982
C9	LRG1	1e-05	0.0	True	0.5934065934065934	0.5934065934065934
C9	ORM1	0.00055	0.00018	True	0.6607103041885651	0.6607103041885651
C9	SERPINA1	0.0	0.0	True	0.6060359929925148	0.6060359929925148
C9	SERPINA3	0.00132	0.00048	True	0.6104315973881191	0.6104315973881191
C2	ITIH4	0.03819	0.02195	True	0.5326325848064979	0.5326325848064979
C2	SERPINA1	0.0	0.0	True	0.5100493709189361	0.5100493709189361
CFI	HP	1e-05	0.0	True	0.5129797738493391	0.5129797738493391
CFI	ITIH4	0.01779	0.00913	True	0.5667144449753145	0.5667144449753145
CFI	ORM1	0.0	0.0	True	0.5915273132664438	0.5915273132664438
CLEC3B	GSN	0.00247	0.00097	True	0.5394489568402612	0.5394489568402612
CRP	ECM1	0.03024	0.01667	True	0.5811434941869724	-0.5811434941869724
CRP	FGA	0.00373	0.00155	True	0.6340340818601689	0.6340340818601689
CRP	FGB	0.00028	8e-05	True	0.6550565376652333	0.6550565376652333
CRP	FGG	0.0	0.0	True	0.6314540531931837	0.6314540531931837
CRP	GSN	0.04396	0.02574	True	0.6378244943462335	-0.6378244943462335
CRP	HP	0.00094	0.00033	True	0.6443541965281097	0.6443541965281097
CRP	IGFALS	0.03003	0.01654	True	0.5614747571269311	-0.5614747571269311
CRP	ITIH1	0.0	0.0	True	0.6206561554387642	-0.6206561554387642
CRP	ITIH2	0.00112	0.0004	True	0.6987099856665074	-0.6987099856665074
CRP	ITIH3	5e-05	1e-05	True	0.6573976747889791	0.6573976747889791
CRP	LRG1	0.00503	0.00217	True	0.8506768593725116	0.8506768593725116
CRP	LUM	6e-05	2e-05	True	0.5708233795190317	-0.5708233795190317
CRP	ORM2	0.0	0.0	True	0.675776397515528	0.675776397515528
CRP	PGLYRP2	5e-05	1e-05	True	0.741917502787068	-0.741917502787068
CRP	RBP4	0.0	0.0	True	0.7003025959547698	-0.7003025959547698
CRP	SAA1	0.0	0.0	True	0.7866539257843606	0.7866539257843606
CRP	SERPINA10	0.02938	0.01612	True	0.5182194616977226	0.5182194616977226
CRP	SERPINA4	0.01103	0.00533	True	0.6930243669374104	-0.6930243669374104
CRP	TF	0.04367	0.02553	True	0.6455486542443064	-0.6455486542443064
CRP	TTR	0.01646	0.00838	True	0.5720815416467591	-0.5720815416467591
ECM1	AGT	0.00633	0.00282	True	0.573355629877369	-0.573355629877369
ECM1	AHSG	0.00059	0.00019	True	0.5525083612040135	0.5525083612040135
ECM1	CPN2	0.0	0.0	True	0.5574932314062749	-0.5574932314062749
ECM1	F13B	0.0	0.0	True	0.6571269310399745	0.6571269310399745
ECM1	FN1	0.00019	6e-05	True	0.7489249880554228	0.7489249880554228
ECM1	GPLD1	0.00948	0.00447	True	0.6325529542920847	0.6325529542920847
ECM1	GSN	0.00712	0.00323	True	0.5731804427456603	0.5731804427456603
ECM1	HGFAC	0.03057	0.0169	True	0.5197642936773372	0.5197642936773372
ECM1	HP	0.03981	0.02299	True	0.6242873068960026	-0.6242873068960026
ECM1	ITIH3	0.00021	6e-05	True	0.5427456601369646	-0.5427456601369646
ECM1	KLKB1	0.01554	0.00786	True	0.5544035674470458	0.5544035674470458
ECM1	LRG1	0.0	0.0	True	0.6247173116738334	-0.6247173116738334
ECM1	ORM2	0.0	0.0	True	0.5641821946169773	-0.5641821946169773
ECM1	PON1	0.00089	0.00031	True	0.5779423475075649	0.5779423475075649
AGT	F10	0.02054	0.01075	True	0.5149705367096671	0.5149705367096671
AGT	FN1	0.04972	0.02965	True	0.5159898072941551	-0.5159898072941551
AGT	ITIH4	0.00059	0.0002	True	0.5326644370122632	0.5326644370122632
AGT	LRG1	5e-05	1e-05	True	0.5361204013377927	0.5361204013377927
AGT	SERPINA1	0.0	0.0	True	0.660423634336678	0.660423634336678
AHSG	FCGBP	0.0	0.0	True	0.5192705844879758	-0.5192705844879758
AHSG	FGA	0.04172	0.02422	True	0.5829112916069439	-0.5829112916069439
AHSG	FGB	0.00273	0.00109	True	0.5799012581621278	-0.5799012581621278
AHSG	HGFAC	4e-05	1e-05	True	0.565806657111005	0.565806657111005
AHSG	HP	0.0	0.0	True	0.5451664277751235	-0.5451664277751235
AHSG	HRG	0.00013	3e-05	True	0.5121993948080904	0.5121993948080904
AHSG	IGFALS	0.00813	0.00375	True	0.6609014174231566	0.6609014174231566
AHSG	ITIH1	0.03709	0.02117	True	0.7882465360726232	0.7882465360726232
AHSG	ITIH2	0.03125	0.01733	True	0.7945214206083772	0.7945214206083772
AHSG	ITIH3	0.00014	4e-05	True	0.6375378244943463	-0.6375378244943463
AHSG	KLKB1	0.0439	0.02569	True	0.7326803631151457	0.7326803631151457
AHSG	LRG1	6e-05	2e-05	True	0.5878006051919096	-0.5878006051919096
AHSG	ORM1	0.0	0.0	True	0.7202261506609333	-0.7202261506609333
AHSG	PGLYRP2	0.00303	0.00123	True	0.7650422041726389	0.7650422041726389
AHSG	PON1	0.00063	0.00021	True	0.5497372193024368	0.5497372193024368
AHSG	SERPINA1	0.0	0.0	True	0.6491798057015449	-0.6491798057015449
AHSG	SERPINA3	0.00361	0.00149	True	0.7431119605032649	-0.7431119605032649
AHSG	SERPINA4	0.00533	0.00232	True	0.5708074534161491	0.5708074534161491
AHSG	SERPIND1	4e-05	1e-05	True	0.5286510590858418	0.5286510590858418
CPN2	FN1	0.00099	0.00035	True	0.5173594521420609	-0.5173594521420609
F12	ITIH2	0.01841	0.00951	True	0.5695652173913044	0.5695652173913044
F13A1	F13B	0.00811	0.00373	True	0.8475553432075171	0.8475553432075171
F13A1	FCGBP	0.0	0.0	True	0.5014652014652015	-0.5014652014652015
F13A1	FN1	0.0	0.0	True	0.6099538143016404	0.6099538143016404
F13B	FN1	0.0	0.0	True	0.6885969103360409	0.6885969103360409
F13B	KLKB1	3e-05	1e-05	True	0.5019748367574455	0.5019748367574455
F13B	LRG1	0.0	0.0	True	0.5692944736422998	-0.5692944736422998
F13B	ORM1	1e-05	0.0	True	0.5571587832457398	-0.5571587832457398
FCGBP	FCGR3A	0.0	0.0	True	0.5038700430004779	0.5038700430004779
FCGBP	ITIH2	0.00335	0.00138	True	0.5334288899506291	-0.5334288899506291
FCGBP	KLKB1	0.02131	0.01121	True	0.501656314699793	-0.501656314699793
FCGBP	ORM1	0.01216	0.00597	True	0.5628125497690715	0.5628125497690715
FCGBP	PGLYRP2	0.0	0.0	True	0.600127408823061	-0.600127408823061
FCGBP	TF	0.00902	0.00423	True	0.503774486383182	-0.503774486383182
FCGR3A	ITIH3	0.0	0.0	True	0.5425067685937252	0.5425067685937252
FCGR3A	LCP1	0.00418	0.00176	True	0.5923873228221055	0.5923873228221055
FCGR3A	ORM1	0.00027	8e-05	True	0.5114190157668419	0.5114190157668419
FCGR3A	PGLYRP2	0.00617	0.00274	True	0.50734193342889	-0.50734193342889
FCGR3A	PLG	0.01	0.00474	True	0.5625258799171843	-0.5625258799171843
FGA	HGFAC	0.00713	0.00324	True	0.5916706481923873	-0.5916706481923873
FGA	ITIH2	0.01279	0.00631	True	0.5660933269628922	-0.5660933269628922
FGA	LBP	0.00218	0.00085	True	0.6090460264373309	0.6090460264373309
FGA	LRG1	0.00169	0.00063	True	0.574120082815735	0.574120082815735
FGA	ORM1	0.0	0.0	True	0.5438604873387483	0.5438604873387483
FGA	PGLYRP2	1e-05	0.0	True	0.5556776556776557	-0.5556776556776557
FGA	TF	5e-05	1e-05	True	0.5862079949036472	-0.5862079949036472
FGA	VWF	0.03581	0.02035	True	0.5104156712852365	0.5104156712852365
FGB	FGG	0.0	0.0	True	0.9836598184424271	0.9836598184424271
FGB	HGFAC	0.00049	0.00016	True	0.6037267080745341	-0.6037267080745341
FGB	ITIH2	0.0	0.0	True	0.56262143653448	-0.56262143653448
FGB	KLKB1	0.00786	0.0036	True	0.5289536550406115	-0.5289536550406115
FGB	LBP	0.00057	0.00019	True	0.6299410734193343	0.6299410734193343
FGB	LRG1	0.01574	0.00797	True	0.6004618569835961	0.6004618569835961
FGB	LUM	0.03161	0.01761	True	0.583835005574136	-0.583835005574136
FGB	ORM1	0.02671	0.01449	True	0.5699315177576048	0.5699315177576048
FGB	PGLYRP2	8e-05	2e-05	True	0.5909698996655519	-0.5909698996655519
FGB	RBP4	0.0	0.0	True	0.5561554387641344	-0.5561554387641344
FGB	SAA1	7e-05	2e-05	True	0.6668100015926103	0.6668100015926103
FGB	TF	0.00618	0.00275	True	0.5980570154483198	-0.5980570154483198
FGG	GSN	0.00218	0.00085	True	0.5374741200828158	-0.5374741200828158
FGG	HGFAC	2e-05	1e-05	True	0.5841853798375538	-0.5841853798375538
FGG	HP	0.0207	0.01084	True	0.5630673674151936	0.5630673674151936
FGG	ITIH2	0.0	0.0	True	0.5439560439560439	-0.5439560439560439
FGG	LBP	0.0	0.0	True	0.6064659977703457	0.6064659977703457
FGG	LRG1	0.01039	0.00496	True	0.6061474757126932	0.6061474757126932
FGG	ORM1	0.01037	0.00494	True	0.5803631151457239	0.5803631151457239
FGG	PGLYRP2	1e-05	0.0	True	0.5719382067208154	-0.5719382067208154
FGG	RBP4	0.02026	0.01059	True	0.5429686255773213	-0.5429686255773213
FGG	SAA1	0.0	0.0	True	0.647475712693104	0.647475712693104
FGG	SELENOP	0.03168	0.01765	True	0.5281414237935977	-0.5281414237935977
FGG	SERPINA3	0.03991	0.02306	True	0.6292562509953814	0.6292562509953814
FGG	VWF	0.0	0.0	True	0.5046344959388438	0.5046344959388438
FN1	LRG1	0.01995	0.01039	True	0.5328874024526198	-0.5328874024526198
FN1	SERPINA3	0.03151	0.01752	True	0.510479375696767	-0.510479375696767
GPLD1	AMBP	0.00599	0.00265	True	0.5434623347666826	0.5434623347666826
GPLD1	APOE	0.00175	0.00066	True	0.5103838190794713	-0.5103838190794713
GPLD1	GSN	0.00232	0.00091	True	0.723761745500876	0.723761745500876
GPLD1	IGFALS	0.0	0.0	True	0.7596273291925467	0.7596273291925467
GPLD1	ITIH1	1e-05	0.0	True	0.7714763497372193	0.7714763497372193
GPLD1	ITIH2	0.00189	0.00072	True	0.7825609173435261	0.7825609173435261
GPLD1	LRG1	0.00026	8e-05	True	0.5875776397515529	-0.5875776397515529
GPLD1	PGLYRP2	0.0019	0.00073	True	0.6485109093804746	0.6485109093804746
GPLD1	RBP4	0.0	0.0	True	0.5806338588947284	0.5806338588947284
GPLD1	SELENOP	0.03193	0.01781	True	0.5883739448956841	0.5883739448956841
GPLD1	SERPINA3	0.0	0.0	True	0.7612517916865743	-0.7612517916865743
GPLD1	SERPING1	3e-05	1e-05	True	0.5898391463608855	-0.5898391463608855
AMBP	IGFALS	0.0	0.0	True	0.5247491638795987	0.5247491638795987
AMBP	ITIH1	0.0	0.0	True	0.55333651855391	0.55333651855391
AMBP	SERPINA4	0.0491	0.02919	True	0.5952221691352126	0.5952221691352126
GSN	HGFAC	0.00038	0.00012	True	0.5955247650899825	0.5955247650899825
GSN	IGFALS	0.01255	0.00618	True	0.6738334129638478	0.6738334129638478
GSN	ITIH2	5e-05	1e-05	True	0.7628444019748368	0.7628444019748368
GSN	ITIH3	0.0	0.0	True	0.5522216913521263	-0.5522216913521263
GSN	LRG1	0.0	0.0	True	0.5832138875617137	-0.5832138875617137
GSN	ORM1	0.002	0.00077	True	0.724016563146998	-0.724016563146998
GSN	ORM2	0.0	0.0	True	0.6459627329192547	-0.6459627329192547
GSN	PGLYRP2	0.0	0.0	True	0.7381111641981206	0.7381111641981206
GSN	RBP4	0.0	0.0	True	0.5910813823857303	0.5910813823857303
GSN	SERPINA3	0.0047	0.00201	True	0.6893454371715242	-0.6893454371715242
GSN	SERPINA4	0.0381	0.02188	True	0.6919095397356267	0.6919095397356267
GSN	TF	0.04477	0.0263	True	0.6663799968147794	0.6663799968147794
GSN	TTR	0.0	0.0	True	0.5507564898869247	0.5507564898869247
HBB	HBA1	0.01304	0.00645	True	0.9859372511546425	0.9859372511546425
HGFAC	ITIH1	0.00076	0.00026	True	0.5676063067367415	0.5676063067367415
HGFAC	ITIH2	0.0	0.0	True	0.6110686415034241	0.6110686415034241
HGFAC	KLKB1	0.00287	0.00116	True	0.5629718107978978	0.5629718107978978
HGFAC	ORM1	0.00099	0.00035	True	0.5412963847746456	-0.5412963847746456
HGFAC	PGLYRP2	0.03544	0.0201	True	0.7321707278229018	0.7321707278229018
HGFAC	SERPINA3	0.00246	0.00097	True	0.5617773530817008	-0.5617773530817008
HGFAC	TF	0.0416	0.02414	True	0.5625258799171843	0.5625258799171843
HP	CP	0.0	0.0	True	0.5067526676222329	0.5067526676222329
HP	F11	0.0	0.0	True	0.5407548972766365	0.5407548972766365
HP	ITIH1	0.0	0.0	True	0.5578595317725753	-0.5578595317725753
HP	ORM1	0.01197	0.00587	True	0.7275521579869406	0.7275521579869406
HP	ORM2	0.00159	0.00059	True	0.6420289855072464	0.6420289855072464
HP	PGLYRP2	0.01421	0.00711	True	0.5655677655677656	-0.5655677655677656
HP	SAA1	0.0018	0.00068	True	0.5843924191750278	0.5843924191750278
HP	SERPINA3	0.0	0.0	True	0.7495461060678453	0.7495461060678453
HP	SERPINA4	0.0	0.0	True	0.5895843287147636	-0.5895843287147636
HP	TF	0.0	0.0	True	0.5334288899506291	-0.5334288899506291
HRG	KLKB1	0.04013	0.0232	True	0.5068641503424113	0.5068641503424113
HRG	PGLYRP2	0.0	0.0	True	0.5179327918458353	0.5179327918458353
HRG	SELENOP	0.00151	0.00056	True	0.5593088071348942	0.5593088071348942
IGFALS	ITIH2	0.00069	0.00023	True	0.7181876094919574	0.7181876094919574
IGFALS	ORM1	0.0	0.0	True	0.6291129160694379	-0.6291129160694379
IGFALS	ORM2	0.01788	0.00918	True	0.589902850772416	-0.589902850772416
IGFALS	PON1	0.0	0.0	True	0.5358655836916707	0.5358655836916707
IGFALS	RBP4	0.0	0.0	True	0.5677496416626852	0.5677496416626852
IGFALS	SERPINA4	0.0	0.0	True	0.5921006529702182	0.5921006529702182
IGFALS	TF	0.00509	0.0022	True	0.6364389233954452	0.6364389233954452
IGFALS	TTR	0.0	0.0	True	0.5180442745660138	0.5180442745660138
ITIH1	ITIH3	0.0	0.0	True	0.5905080426819558	-0.5905080426819558
ITIH1	KLKB1	0.0082	0.00379	True	0.7595954769867814	0.7595954769867814
ITIH1	LBP	0.00016	5e-05	True	0.5058608058608058	-0.5058608058608058
ITIH1	ORM1	0.00038	0.00012	True	0.7399585921325051	-0.7399585921325051
ITIH1	ORM2	0.0012	0.00043	True	0.6714763497372194	-0.6714763497372194
ITIH1	PON1	0.0	0.0	True	0.7545946806816372	0.7545946806816372
ITIH1	SELENOP	0.0	0.0	True	0.5930243669374105	0.5930243669374105
ITIH1	SERPINA3	0.0	0.0	True	0.7637044115304985	-0.7637044115304985
ITIH1	SERPINA4	0.0	0.0	True	0.6611562350692786	0.6611562350692786
ITIH1	SERPINC1	0.04705	0.02783	True	0.5644051600573341	0.5644051600573341
ITIH1	TTR	0.00185	0.0007	True	0.56262143653448	0.56262143653448
ITIH2	ITIH3	0.00713	0.00323	True	0.660455486542443	-0.660455486542443
ITIH2	KLKB1	0.03903	0.02248	True	0.7939003025959549	0.7939003025959549
ITIH2	LRG1	0.0	0.0	True	0.6065934065934065	-0.6065934065934065
ITIH2	ORM2	0.00031	9e-05	True	0.7071348940914159	-0.7071348940914159
ITIH2	PGLYRP2	0.0	0.0	True	0.809762701067049	0.809762701067049
ITIH2	PON1	0.03931	0.02268	True	0.7288421723204331	0.7288421723204331
ITIH2	SERPINC1	0.0	0.0	True	0.6000159261028827	0.6000159261028827
ITIH2	SERPIND1	0.00219	0.00085	True	0.5545787545787546	0.5545787545787546
ITIH2	TF	0.00839	0.00389	True	0.8128682911291607	0.8128682911291607
ITIH3	KLKB1	6e-05	1e-05	True	0.6937251154642459	-0.6937251154642459
ITIH3	LBP	0.02385	0.01271	True	0.5147475712693105	0.5147475712693105
ITIH3	ORM1	0.02548	0.01374	True	0.7511068641503424	0.7511068641503424
ITIH3	ORM2	0.00024	7e-05	True	0.6820035037426342	0.6820035037426342
ITIH3	RBP4	1e-05	0.0	True	0.6100652970218189	-0.6100652970218189
ITIH3	SELENOP	0.03901	0.02246	True	0.6298773690078039	-0.6298773690078039
ITIH3	SERPINA3	0.0	0.0	True	0.7330466634814461	0.7330466634814461
ITIH3	TF	0.00012	3e-05	True	0.6321866539257843	-0.6321866539257843
ITIH3	TTR	0.00234	0.00092	True	0.5389233954451346	-0.5389233954451346
ITIH4	KLKB1	1e-05	0.0	True	0.5240484153527633	-0.5240484153527633
ITIH4	LRG1	0.0	0.0	True	0.6814779423475076	0.6814779423475076
ITIH4	ORM1	0.00162	0.00061	True	0.6782449434623349	0.6782449434623349
ITIH4	ORM2	0.0049	0.00211	True	0.7028985507246377	0.7028985507246377
ITIH4	PGLYRP2	0.0	0.0	True	0.6653607262302916	-0.6653607262302916
ITIH4	SERPINA3	0.0	0.0	True	0.6849657588788024	0.6849657588788024
ITIH4	SERPINA4	0.0	0.0	True	0.5168657429526995	-0.5168657429526995
ITIH4	TF	2e-05	0.0	True	0.5172161172161173	-0.5172161172161173
KLKB1	KNG1	0.00069	0.00023	True	0.5136964484790572	0.5136964484790572
KLKB1	PGLYRP2	1e-05	0.0	True	0.7942028985507247	0.7942028985507247
KLKB1	RBP4	0.0	0.0	True	0.6624621755056538	0.6624621755056538
KLKB1	SERPINC1	0.0	0.0	True	0.5289058767319638	0.5289058767319638
KNG1	SERPIND1	0.03722	0.02129	True	0.5305940436375219	0.5305940436375219
LBP	APOF	1e-05	0.0	True	0.5032489249880555	0.5032489249880555
LBP	CLU	0.00042	0.00013	True	0.553925784360567	-0.553925784360567
LBP	LRG1	0.0	0.0	True	0.8191113234591495	0.8191113234591495
LBP	PGLYRP2	0.0	0.0	True	0.6303551520942825	-0.6303551520942825
LBP	RBP4	0.0	0.0	True	0.6375696767001116	-0.6375696767001116
LBP	SELENOP	0.0	0.0	True	0.5499920369485587	-0.5499920369485587
LBP	SERPINA1	0.00471	0.00202	True	0.636486701704093	0.636486701704093
LBP	SERPINA3	6e-05	1e-05	True	0.6921006529702182	0.6921006529702182
LCP1	SELENOP	0.0	0.0	True	0.5073737856346553	-0.5073737856346553
LRG1	ORM1	7e-05	2e-05	True	0.8216276477146044	0.8216276477146044
LRG1	PGLYRP2	0.0	0.0	True	0.679041248606466	-0.679041248606466
LRG1	SELENOP	0.0	0.0	True	0.6130434782608696	-0.6130434782608696
LRG1	SERPINA10	0.00562	0.00246	True	0.5570791527313267	0.5570791527313267
LRG1	SERPINA3	0.0	0.0	True	0.8041089345437172	0.8041089345437172
LRG1	SERPINA4	0.00076	0.00026	True	0.728937728937729	-0.728937728937729
LRG1	TTR	0.0	0.0	True	0.5385730211817169	-0.5385730211817169
LUM	ORM1	0.00015	4e-05	True	0.5056696926262144	-0.5056696926262144
LUM	PGLYRP2	0.0	0.0	True	0.6762541806020067	0.6762541806020067
LUM	SELENOP	0.0	0.0	True	0.5032648510909381	0.5032648510909381
LUM	TF	3e-05	1e-05	True	0.5066252587991719	0.5066252587991719
MAN1A1	ORM1	0.02587	0.01397	True	0.544083452779105	0.544083452779105
ORM1	ORM2	0.00401	0.00168	True	0.8981207198598503	0.8981207198598503
ORM1	PGLYRP2	0.0	0.0	True	0.7677018633540373	-0.7677018633540373
ORM1	PON1	0.00018	5e-05	True	0.626978818283166	-0.626978818283166
ORM1	RBP4	0.0	0.0	True	0.6313903487816531	-0.6313903487816531
ORM1	SAA1	0.0	0.0	True	0.6052556139512661	0.6052556139512661
ORM1	SELENOP	3e-05	1e-05	True	0.6149864628125498	-0.6149864628125498
ORM1	SERPINA3	1e-05	0.0	True	0.8433986303551522	0.8433986303551522
ORM1	SERPING1	0.00153	0.00057	True	0.5450708711578277	0.5450708711578277
ORM1	TF	0.0	0.0	True	0.7148272017837235	-0.7148272017837235
ORM2	PGLYRP2	0.0	0.0	True	0.6665074056378405	-0.6665074056378405
ORM2	PON1	0.00049	0.00016	True	0.5546106067845199	-0.5546106067845199
ORM2	SERPINA3	0.01765	0.00905	True	0.7239050804268196	0.7239050804268196
ORM2	SERPING1	0.026	0.01406	True	0.5916547220895048	0.5916547220895048
ORM2	TF	0.01951	0.01014	True	0.659563624781016	-0.659563624781016
PGLYRP2	APCS	0.01133	0.0055	True	0.5143016403885969	-0.5143016403885969
PGLYRP2	PON1	1e-05	0.0	True	0.6313744226787705	0.6313744226787705
PGLYRP2	RBP4	0.0	0.0	True	0.5671125975473802	0.5671125975473802
PGLYRP2	SAA1	0.0	0.0	True	0.5188565058130276	-0.5188565058130276
PGLYRP2	SELENOP	0.00073	0.00025	True	0.6905558209906036	0.6905558209906036
PGLYRP2	SERPINA1	0.00793	0.00364	True	0.7280777193820673	-0.7280777193820673
PGLYRP2	SERPINA3	0.02783	0.01517	True	0.7562509953814301	-0.7562509953814301
PGLYRP2	SERPINA4	0.0	0.0	True	0.6808727504379679	0.6808727504379679
PGLYRP2	SERPINC1	0.00037	0.00012	True	0.5683229813664596	0.5683229813664596
PGLYRP2	TF	0.01447	0.00725	True	0.780108297499602	0.780108297499602
PON1	SERPINA3	0.0	0.0	True	0.5759675107501195	-0.5759675107501195
PON1	SERPINC1	0.0	0.0	True	0.5112119764293678	0.5112119764293678
PON1	TF	2e-05	1e-05	True	0.6274566013696449	0.6274566013696449
PPBP	PF4	0.0	0.0	True	0.8854594680681639	0.8854594680681639
PPBP	THBS1	0.0	0.0	True	0.9450230928491798	0.9450230928491798
PF4	THBS1	0.0	0.0	True	0.8942028985507248	0.8942028985507248
RBP4	PROC	0.0005	0.00016	True	0.64472049689441	0.64472049689441
RBP4	SELENOP	0.0	0.0	True	0.6119445771619685	0.6119445771619685
RBP4	SERPINA3	2e-05	0.0	True	0.6458671763019589	-0.6458671763019589
RBP4	SERPINA4	0.00033	0.0001	True	0.8082178690874343	0.8082178690874343
RBP4	SERPINA5	0.0	0.0	True	0.5248287943940119	0.5248287943940119
RBP4	TF	0.0	0.0	True	0.5200668896321071	0.5200668896321071
RBP4	TTR	0.01314	0.00651	True	0.6912884217232044	0.6912884217232044
PROC	SERPINA4	0.01606	0.00815	True	0.5956043956043956	0.5956043956043956
SAA1	SERPINA3	0.01553	0.00785	True	0.6762382544991241	0.6762382544991241
SAA1	SERPINA4	0.0	0.0	True	0.5668737060041408	-0.5668737060041408
SELENOP	SERPINA1	0.02497	0.01341	True	0.5777193820672081	-0.5777193820672081
SELENOP	SERPINA3	0.0	0.0	True	0.6447842013059405	-0.6447842013059405
SELENOP	SERPINA4	0.0	0.0	True	0.6514572384137601	0.6514572384137601
SELENOP	SERPINC1	0.00131	0.00048	True	0.5060996974040453	0.5060996974040453
SELENOP	TF	0.00082	0.00028	True	0.5640070074852683	0.5640070074852683
SELENOP	TTR	0.0	0.0	True	0.5777512342729734	0.5777512342729734
SERPINA1	TF	0.0	0.0	True	0.6092371396719223	-0.6092371396719223
SERPINA3	SERPINA4	0.00614	0.00272	True	0.6821627647714604	-0.6821627647714604
SERPINA3	TF	0.0	0.0	True	0.7123268036311515	-0.7123268036311515
SERPINA3	TTR	0.03031	0.01672	True	0.5623029144768276	-0.5623029144768276
SERPINA4	TF	0.0016	0.0006	True	0.643828635132983	0.643828635132983
SERPINA4	TTR	0.0	0.0	True	0.7286669851887244	0.7286669851887244
SERPINC1	TF	4e-05	1e-05	True	0.5498009237139672	0.5498009237139672
TF	TTR	0.0	0.0	True	0.5120879120879122	0.5120879120879122
